poem_id,author,song_title,split
0,Петре М. Андреевски,Наопачно оро,val
1,Кочо Рацин,Балада за непознатиот,train
2,Гане Тодоровски,Молитва,train
3,Влада Урошевиќ,Слобода,train
4,Кочо Рацин,Копачите,train
5,Видое Подгорец,Убави зборови,test
6,Блаже Конески,Разделба,train
7,Гане Тодоровски,Македонски јазик,train
8,Славко Јаневски,Осаменица,train
9,Ацо Шопов,Лузна,train
10,Анте Поповски,Коледе,train
11,Матеја Матевски,Патување,val
12,Гане Тодоровски,Чекајќи ја Медеја,train
13,Блаже Конески,Бура,train
14,Игор Исаковски,Смртта има коса од морска трева,val
15,Матеја Матевски,Епитаф,train
16,Кочо Рацин,Утрото над нас,train
17,Петре М. Андреевски,До кога,train
18,Богомил Ѓузел,Пролет во апокалипса,train
19,Лилјана Дирјан,Стравот мој,train
20,Влада Урошевиќ,Прашања,val
21,Ацо Караманов,Деца на борбата,val
22,Влада Урошевиќ,Попладневно капење в море,train
23,Анте Поповски,Само чемрееме,train
24,Игор Исаковски,Едно мало писмо,train
25,Ацо Шопов,Август,train
26,Славко Јаневски,Очи,train
27,Гане Тодоровски,Недостижна,train
28,Петре М. Андреевски,Летно пладне,train
29,Ацо Шопов,Љубов,train
30,Богомил Ѓузел,Во глуво доба од ноќта,val
31,Ацо Караманов,Елегија,train
32,Катица Ќулавкова,Исповед,train
33,Раде Силјан,Желба,test
34,Тихомир Јанчовски,Доаѓа есен,val
35,Лилјана Дирјан,Светот – мојот брат,train
36,Игор Исаковски,Непрекинливо движење,train
37,Петре М. Андреевски,Како ќе го најдеш Ристо Шишков,train
38,Анте Поповски,Тие малечки нешта околу нас,val
39,Коле Неделковски,Скитник,test
40,Раде Силјан,Последниот роденден на Матеја,val
41,Катица Ќулавкова,Ода на македонскиот јазик,train
42,Богомил Ѓузел,Бдеење,train
43,Ацо Караманов,И можеби ти ќе дојдеш тогаш,test
44,Гане Тодоровски,Зимска прикаска,train
45,Славко Јаневски,Мост,val
46,Ацо Шопов,Ноќта,train
47,Катица Ќулавкова,Ужас без крај (обична песна),train
48,Анте Поповски,Наслутувања,test
49,Лилјана Дирјан,Концерт за мирис и оркестар,val
50,Ацо Шопов,Партизанска колона,train
51,Игор Исаковски,Од сино кон црно,test
52,Влада Урошевиќ,Непозната,train
53,Јосип Коцев,Разминувања,val
54,Матеја Матевски,Трева,train
55,Матеја Матевски,Сон,train
56,Блаже Конески,Претходница,train
57,Петре М. Андреевски,Лицето на зборовите,train
58,Ацо Шопов,Ако сведнам понекогаш глава,train
59,Гане Тодоровски,Обична песна,train
60,Игор Исаковски,Ќе спијам,train
61,Ацо Шопов,"Знам, ти сега сама замислена минеш",test
62,Видое Подгорец,Нема љубов,train
63,Лилјана Дирјан,Пурпур,train
64,Матеја Матевски,Свети Трифун,train
65,Петре М. Андреевски,Ко да беше лани,train
66,Славко Јаневски,Тогаш ќе умре и љубовта,train
67,Анте Поповски,Свештен страв,train
68,Блаже Конески,Поглед,train
69,Кочо Рацин,Ленка,train
70,Петре М. Андреевски,Тоа таму,train
71,Анте Поповски,Кога си далеку,train
72,Ацо Шопов,Кажи ми небо,train
73,Коле Неделковски,Не колни,val
74,Игор Исаковски,Таа соба,train
75,Богомил Ѓузел,Како горе така доле,train
76,Видое Подгорец,Без јазик си никој и ништо,val
77,Гане Тодоровски,Гоце Делчев,train
78,Кочо Рацин,Татунчо,train
79,Анте Поповски,Сè друго надежта ќе го стори,train
80,Ванчо Николески,Песна за Гоце,train
81,Ацо Шопов,Кон галебот што кружи над мојата глава,val
82,Анте Поповски,Време,train
83,Рајко Жинзифов,Глас,train
84,Славко Јаневски,Срце,train
85,Блаже Конески,Неизвесност,train
86,Ацо Шопов,И уште еднаш црно сонце,train
87,Тихомир Јанчовски,Те чекам,test
88,Ацо Шопов,Треба да бидеме подобри,train
89,Влада Урошевиќ,Крајот на летото,train
90,Анте Поповски,Кон Македонија,train
91,Славко Јаневски,Јазик,test
92,Богомил Ѓузел,Хаос,train
93,Игор Исаковски,Те боли црната светлина што те очекува,train
94,Блаже Конески,Осаменост,train
95,Матеја Матевски,Прогонети од рајот,train
96,Влада Урошевиќ,Лоши соништа,train
97,Јосип Коцев,Во овој свет,train
98,Анте Поповски,Мојот татко,train
99,Петре М. Андреевски,Таа,train
100,Лилјана Дирјан,Наеднаш срцето ми се стеснило,train
101,Гане Тодоровски,Нашинска (III),train
102,Ацо Шопов,Сам со својот пламен во градите,test
103,Јован Котески,Април,train
104,Матеја Матевски,Поле,train
105,Анте Поповски,Расфрлани се моите мисли,train
106,Лилјана Дирјан,Оваа ноќ,train
107,Славко Јаневски,Ивец,train
108,Јосип Коцев,Зандана,train
109,Игор Исаковски,"Дожд, денеска",train
110,Блаже Конески,Спомен по многу години,train
111,Ацо Шопов,Лист,train
112,Кочо Рацин,Печал,train
113,Матеја Матевски,Прва ноќ,train
114,Катица Ќулавкова,"Скршени, набожни",train
115,Анте Поповски,Ќе ме најдеш,train
116,Игор Исаковски,Племе од двајца,train
117,Матеја Матевски,Езеро,test
118,Ацо Шопов,Гледач во пепелта,train
119,Тихомир Јанчовски,Љубовта умира…,train
120,Петре М. Андреевски,Сеќавање,val
121,Матеја Матевски,На пат,train
122,Гане Тодоровски,Ноќ без интерпункција,train
123,Јосип Коцев,Април ко да не бил,train
124,Кочо Рацин,До еден работник,train
125,Ацо Шопов,Тажачка од онаа страна на животот,train
126,Влада Урошевиќ,Паника,train
127,Игор Исаковски,Залегнат врз стихови,val
128,Петре М. Андреевски,Проштенски поклади,train
129,Анте Поповски,Не смеам да заспијам – ќе ми исчезне од сонот,val
130,Матеја Матевски,Авантура,train
131,Блаже Конески,Немир,train
132,Игор Исаковски,Ајде,train
133,Лилјана Дирјан,Рабови,test
134,Јосип Коцев,"Сѐ што ќе создадам, отсега ќе чекори кон тебе",train
135,Ацо Шопов,Ноќен извор,train
136,Петре М. Андреевски,Песна за нејзината песна,train
137,Ацо Шопов,Илузија,train
138,Гане Тодоровски,Песна што треба да ја напишам,test
139,Гане Тодоровски,Пречек,train
140,Тихомир Јанчовски,Не е до мене,train
141,Ацо Караманов,Тајна,train
142,Ацо Шопов,Младост,train
143,Јосип Коцев,Изгубените љубови,test
144,Анте Поповски,Спроти Велигден 1979,train
145,Ацо Шопов,Notre Dame,train
146,Радован Павловски,Театар на мртвите,train
147,Анте Поповски,TOHU VA BOHU 2,train
148,Анте Поповски,Книга врзана со синџири,train
149,Ацо Шопов,Седма молитва на моето тело,train
150,Коле Неделковски,Причинуење,train
151,Блаже Конески,Лажни пророци,train
152,Кочо Рацин,Денови,train
153,Ацо Шопов,Убавината,train
154,Влада Урошевиќ,Поети,train
155,Матеја Матевски,Дождови,train
156,Петре М. Андреевски,Кукавица,test
157,Гане Тодоровски,Фуснота без повод,train
158,Анте Поповски,Македонија,train
159,Игор Исаковски,Нека,train
160,Блаже Конески,Татковина,train
161,Петре М. Андреевски,Летување,train
162,Раде Силјан,Лажно време,train
163,Никола Вапцаров,Земја,train
164,Кочо Рацин,Елегии за тебе,train
165,Анте Поповски,Секој саме,test
166,Ацо Шопов,Го барам својот глас,test
167,Влада Урошевиќ,Нерамнотежа,train
168,Петре М. Андреевски,Има денови,train
169,Ацо Шопов,Ветрот носи убаво време,val
170,Матеја Матевски,Ѕвона,train
171,Блаже Конески,Снег,train
172,Петре М. Андреевски,Тешко мене,test
173,Гане Тодоровски,Еден човек,train
174,Ацо Шопов,Старо купувам,train
175,Никола Вапцаров,Проштално,train
176,Богомил Ѓузел,Твоите пет минути,val
177,Гане Тодоровски,Делнично будење на градот,val
178,Ацо Шопов,Во тишина,train
179,Игор Исаковски,Ноќта добива крилја,train
180,Петре М. Андреевски,Тркалезни форми,train
181,Гане Тодоровски,Нашинска,train
182,Анте Поповски,Од сина тишина зборови,train
183,Игор Исаковски,"Кршење, прекршување",test
184,Гане Тодоровски,Скица за првото писмо до Ема Гермова,train
185,Блаже Конески,Себесоздавање,train
186,Славко Јаневски,Цветови,train
187,Цане Андреевски,Човек седи крај езеро,train
188,Ацо Шопов,Утре,train
189,Ацо Шопов,Кога ти е најтешко,train
190,Анте Поповски,Две тишини,train
191,Матеја Матевски,Целиот живот ми се спомените,train
192,Гане Тодоровски,Сонет,test
193,Славко Јаневски,Танчерка на дланка,val
194,Петре М. Андреевски,Првата разделба,train
195,Влада Урошевиќ,Тајната на сонувачите,train
196,Гане Тодоровски,Биографија,train
197,Блаже Конески,Преживување,val
198,Петре М. Андреевски,1903,val
199,Анте Поповски,Љубовна,train
200,Цане Андреевски,Во тишината,train
201,Игор Исаковски,Како здив,train
202,Ацо Шопов,Ти не си секогаш таков,train
203,Никола Маџиров,Сенките нè одминуваат,train
204,Ацо Шопов,Ќе те сретнам по многу лета,val
205,Ацо Шопов,Небиднина,train
206,Блаже Конески,Разговор,train
207,Кочо Рацин,На Струга дуќан да имам,test
208,Кочо Рацин,Проштавање,train
209,Кочо Рацин,Селска мака,train
210,Кочо Рацин,Тутуноберачите,val
211,Гане Тодоровски,4ти мај 1903,val
212,Адем Гајтани,Лебедовата песна,train
213,Адем Гајтани,Коњот,train
214,Адем Гајтани,ΚАМЕН,train
215,Адем Гајтани,Ρека,train
216,Адем Гајтани,Осаменост,train
217,Адем Гајтани,Дожд врнеше како во песните на Жак Превер,val
218,Адем Гајтани,Зеленило,test
219,Адем Гајтани,Κрвта,train
220,Адем Гајтани,Темјанушка,test
221,Адем Гајтани,Оганот,train
222,Адем Гајтани,Водата,train
223,Адем Гајтани,Воздухот,train
224,Адем Гајтани,Земјата,train
225,Адем Гајтани,Земја без граници,train
226,Адем Гајтани,Автомобилот,test
227,Адем Гајтани,Тротоарот,test
228,Адем Гајтани,Ножот,train
229,Адем Гајтани,Пејсажот од мојот пат,train
230,Адем Гајтани,Доаѓање на пролетта,train
231,Адем Гајтани,(И облакот и месецот и сонцето),train
232,Адем Гајтани,(Јас се чувствувам постар за еден век),train
233,Адем Гајтани,(Κако оживувам во прегратка твоја),train
234,Адем Гајтани,Легенда,train
235,Адем Гајтани,Атина,train
236,Адем Гајтани,Рим,train
237,Адем Гајтани,Стамбол,train
238,Адем Гајтани,Три верзии за една легенда,train
239,Адем Гајтани,Μетафора,val
240,Адем Гајтани,Ηаречници,train
241,Адем Гајтани,Βреме I,train
242,Адем Гајтани,Βреме 47,train
243,Адем Гајтани,Βреме 48,train
244,Адем Гајтани,Нишалка за мојата ќерка,train
245,Адем Гајтани,Ѕидна фотографија,train
246,Адем Гајтани,Κанцеларија,val
247,Адем Гајтани,Столица,train
248,Адем Гајтани,Архитектура,train
249,Адем Гајтани,Еден од патиштата мои,val
250,Адем Гајтани,Удавената,train
251,Адем Гајтани,Бохинско езеро,train
252,Адем Гајтани,Весна и јас,train
253,Адем Гајтани,Рибите од Бохињ,train
254,Адем Гајтани,Мојот гулаб,train
255,Адем Гајтани,Откритие на една маѓесна убавица во пирамида,train
256,Адем Гајтани,Φатаморгана,train
257,Константин Миладинов,Бисера,test
258,Константин Миладинов,Голапче,val
259,Константин Миладинов,Т'га за југ,train
260,Веле Смилевски,Концепт за книга,test
261,Веле Смилевски,Книгата Одглас,train
262,Веле Смилевски,Напуштена книга,val
263,Веле Смилевски,Болестите на книгата,train
264,Веле Смилевски,Бекграунд на книгата,test
265,Веле Смилевски,Забранета книга,train
266,Веле Смилевски,Книга на слободата,train
267,Веле Смилевски,Книгата ѕид,test
268,Веле Смилевски,Студена книга,train
269,Веле Смилевски,Книгата идеја,val
270,Веле Смилевски,Книгата поттекст,train
271,Веле Смилевски,Книгата есеј,train
272,Веле Смилевски,Книга на Епигоните,train
273,Веле Смилевски,Алтернативна книга,train
274,Веле Смилевски,Првата книга Мојсеева,train
275,Веле Смилевски,Митска книга (Прва),train
276,Веле Смилевски,Митска книга (Втора),train
277,Веле Смилевски,Митска книга (Трета),train
278,Веле Смилевски,Идеална книга,train
279,Веле Смилевски,Книгата репродукција,train
280,Веле Смилевски,Свечена книга,train
281,Веле Смилевски,Книга на стравот,train
282,Веле Смилевски,Белата книга на Маноли Аанагностаки,train
283,Веле Смилевски,Римувана книга,val
284,Веле Смилевски,КНнигата театар,train
285,Веле Смилевски,Т.н. книга,train
286,Веле Смилевски,Гола книга,train
287,Веле Смилевски,Хаику книга,train
288,Веле Смилевски,Книгата препознавање,train
289,Веле Смилевски,Огнена книга,train
290,Веле Смилевски,Времето на книгата,train
291,Веле Смилевски,Одаите на книгата,train
292,Веле Смилевски,Телото на книгата,train
293,Веле Смилевски,Еротска книга,train
294,Веле Смилевски,Коњите на книгата,val
295,Веле Смилевски,Заборавена книга,test
296,Веле Смилевски,Предметите на книгата,train
297,Веле Смилевски,Книгата фрагмент,val
298,Веле Смилевски,Едноставна книга,train
299,Веле Смилевски,Заробена книга (1.),train
300,Веле Смилевски,Заробена книга (2.),train
301,Веле Смилевски,Заробена книга (3.),train
302,Веле Смилевски,Книгата куќа,train
303,Веле Смилевски,Книга на животот,train
304,Веле Смилевски,Книга на смртта,test
305,Веле Смилевски,Книгата планина,train
306,Веле Смилевски,Книгата НИЕ,train
307,Веле Смилевски,Книга за сослушување,train
308,Веле Смилевски,Книгата кафез,train
309,Славко Јаневски,Четирите,train
310,Славко Јаневски,Ајдучка легенда,train
311,Славко Јаневски,Девојка  и  сокол,train
312,Славко Јаневски,Челник Пејо,train
313,Славко Јаневски,Три неволји,train
314,Славко Јаневски,Илинка сончева свршеница - 1,train
315,Славко Јаневски,Илинка сончева свршеница - 2,train
316,Славко Јаневски,Илинка сончева свршеница - 3,train
317,Славко Јаневски,Илинка сончева свршеница - 4,train
318,Славко Јаневски,Илинка сончева свршеница - 5,train
319,Славко Јаневски,Илинка сончева свршеница - 6,test
320,Славко Јаневски,Илинка сончева свршеница - 7,train
321,Славко Јаневски,Илинка сончева свршеница - 8,val
322,Славко Јаневски,Испраќала мајка чедо,train
323,Славко Јаневски,Калина,train
324,Славко Јаневски,Порака,train
325,Славко Јаневски,Полноќна приказна,train
326,Славко Јаневски,Горска приспивна,train
327,Славко Јаневски,Горка лирика во селската крчма,train
328,Славко Јаневски,Гората за овчарот,train
329,Славко Јаневски,Цветои,train
330,Славко Јаневски,Балада за Црногорската мома,train
331,Славко Јаневски,Голаб на барикада,train
332,Славко Јаневски,Сестрина љубов,val
333,Славко Јаневски,Егејска песна - 1,train
334,Славко Јаневски,Егејска песна - 2,train
335,Славко Јаневски,Егејска песна - 3,train
336,Славко Јаневски,Егејска песна - 4,train
337,Славко Јаневски,Егејска песна - 5,val
338,Славко Јаневски,Егејска песна - 6,train
339,Славко Јаневски,Свадбарска песна,train
340,Славко Јаневски,Бело Јато,test
341,Славко Јаневски,Прва бразда,train
342,Славко Јаневски,3имна приказна,train
343,Славко Јаневски,Ноќ пред Илинден,train
344,Славко Јаневски,Љубов за љубов,train
345,Славко Јаневски,Песна на описменетиот бригадир,train
346,Славко Јаневски,Селанец,train
347,Славко Јаневски,Јас пак ќе се вратам,train
348,Славко Јаневски,Сватовска,test
349,Славко Јаневски,"Планино, планино - 1",test
350,Славко Јаневски,"Планино, планино - 2",train
351,Славко Јаневски,"Планино, планино - 3",train
352,Славко Јаневски,"Планино, планино - 4",train
353,Славко Јаневски,Црна балада,train
354,Славко Јаневски,Печалбарска,train
355,Славко Јаневски,Твоја и моја земја - на Никола Јонков Вапцаров,val
356,Славко Јаневски,Китајската,train
357,Славко Јаневски,Две приказни,train
358,Славко Јаневски,Украина,train
359,Славко Јаневски,Зоја - 0,train
360,Славко Јаневски,Зоја - 1,test
361,Славко Јаневски,Зоја - 2,val
362,Славко Јаневски,Зоја - 3,train
363,Славко Јаневски,Зоја - 4,test
364,Славко Јаневски,Зоја - 5,train
365,Славко Јаневски,Зоја - 6,train
366,Славко Јаневски,Зоја - 7,train
367,Славко Јаневски,Зоја - 8,train
368,Славко Јаневски,Зоја - 9,train
369,Славко Јаневски,Песна над мојата родина,train
370,Тодор Чаловски,Запис,train
371,Тодор Чаловски,Јадро,train
372,Тодор Чаловски,Коренот,train
373,Тодор Чаловски,Искра,train
374,Тодор Чаловски,Тајните на езерото,train
375,Тодор Чаловски,Ткаење,train
376,Тодор Чаловски,Рани утра,train
377,Тодор Чаловски,Убав ден,val
378,Тодор Чаловски,Страста,train
379,Тодор Чаловски,Смоква,train
380,Тодор Чаловски,Прелага со животот,train
381,Тодор Чаловски,Играње сон,train
382,Тодор Чаловски,Лет во место,test
383,Тодор Чаловски,Кристалот на ослободената сенка,train
384,Тодор Чаловски,ЦВЕЌЕ НА ТРАГАТА,train
385,Тодор Чаловски,Дворење на зборот,train
386,Тодор Чаловски,Бегство,train
387,Тодор Чаловски,Оддалеку,train
388,Тодор Чаловски,Мраморани,train
389,Тодор Чаловски,Загледан низ прозорецот,test
390,Тодор Чаловски,Раните будења на мајка ми,train
391,Тодор Чаловски,Куќата и недостатоците,val
392,Тодор Чаловски,Стреи,train
393,Тодор Чаловски,Благун,train
394,Тодор Чаловски,Сам. Планина околу мене,train
395,Тодор Чаловски,Тонивода,train
396,Тодор Чаловски,Упија,train
397,Тодор Чаловски,Радика,test
398,Тодор Чаловски,Монолог на староседелецот,train
399,Тодор Чаловски,Јадрорез,train
400,Тодор Чаловски,Шаховско утро,val
401,Влада Урошевиќ,Летен дожд,train
402,Влада Урошевиќ,Попладне по дождот,train
403,Влада Урошевиќ,Залез во градот,val
404,Влада Урошевиќ,Летна бавча,train
405,Влада Урошевиќ,Летување кај вујкото,val
406,Влада Урошевиќ,Што стана со козата,train
407,Влада Урошевиќ,Влез во паркот,train
408,Влада Урошевиќ,Мириси на попладнето,train
409,Влада Урошевиќ,Насетување на морето,train
410,Влада Урошевиќ,Привлекување,test
411,Влада Урошевиќ,Нерасонет сонет за морето,train
412,Влада Урошевиќ,Градови,train
413,Влада Урошевиќ,Венеција,test
414,Влада Урошевиќ,Последен град,train
415,Влада Урошевиќ,Мистериите на Скопје,train
416,Влада Урошевиќ,Вечерен автобус,train
417,Влада Урошевиќ,Летен самрак,train
418,Влада Урошевиќ,Љубовници што спијат по љубовта,train
419,Влада Урошевиќ,Љубовници загинати во земјотресот,train
420,Влада Урошевиќ,Нацрт на земјиштето,test
421,Влада Урошевиќ,Рид,train
422,Влада Урошевиќ,Настан во полето,train
423,Влада Урошевиќ,Езеро I,train
424,Влада Урошевиќ,Езеро II,train
425,Влада Урошевиќ,Рамнина,train
426,Влада Урошевиќ,Κоњаници,train
427,Влада Урошевиќ,Бранител на кулата,train
428,Влада Урошевиќ,Посетители,train
429,Влада Урошевиќ,Чад и север,train
430,Влада Урошевиќ,Последниот ден на летото,train
431,Влада Урошевиќ,Циганско лето,train
432,Влада Урошевиќ,Септември во градот,train
433,Влада Урошевиќ,Зимска населба,val
434,Влада Урошевиќ,ЗИМСКА ПЕСНА,train
435,Влада Урошевиќ,Зимска бавча,train
436,Влада Урошевиќ,Доверба во песната,train
437,Влада Урошевиќ,Зимско патување,train
438,Влада Урошевиќ,Зимско море,train
439,Влада Урошевиќ,Азиски грип,train
440,Влада Урошевиќ,Јужни овошки среде зимата,train
441,Влада Урошевиќ,Блага зима,val
442,Влада Урошевиќ,Топол февруари,train
443,Влада Урошевиќ,Доаѓање на пролетта,test
444,Влада Урошевиќ,Κако доаѓа пролетта,val
445,Влада Урошевиќ,Пролетно расположение,train
446,Влада Урошевиќ,Опасности на пролетта,train
447,Влада Урошевиќ,Пролетен парк,train
448,Влада Урошевиќ,Летен дожд,train
449,Влада Урошевиќ,Попладне по дождот,test
450,Влада Урошевиќ,Детска летна приказна,train
451,Влада Урошевиќ,Летен дожд,test
452,Ацо Шопов,Очи,train
453,Гого Ивановски,Колоната,train
454,Ванчо Николески,Над Дебарца,train
455,Богомил Ѓузел,"1, Lady Road, Edinburgh 9.",test
456,Богомил Ѓузел,"Лондон, Нова година 1965",train
457,Богомил Ѓузел,"Лондон, Hова година 1965",train
458,Богомил Ѓузел,I,train
459,Богомил Ѓузел,II,train
460,Богомил Ѓузел,III,train
461,Богомил Ѓузел,IV,test
462,Богомил Ѓузел,V,train
463,Богомил Ѓузел,VI,train
464,Богомил Ѓузел,VII,train
465,Богомил Ѓузел,VIII,train
466,Богомил Ѓузел,IX,train
467,Богомил Ѓузел,Х,train
468,Милош Линдро,АЗЗА,train
469,Милош Линдро,БОКОБИ,test
470,Милош Линдро,Падот на создателот,train
471,Милош Линдро,Словото-знак на синот,train
472,Милош Линдро,Енох на првото небо,train
473,Милош Линдро,Енох на второто небо,test
474,Милош Линдро,Енох на третото небо,train
475,Милош Линдро,Енох на третото небо II,train
476,Милош Линдро,Енох на четвртото небо,train
477,Милош Линдро,Енох на четвртото небо II,train
478,Милош Линдро,Енох на петтото небо,train
479,Милош Линдро,Енох на шестото небо,train
480,Милош Линдро,Енох на седмото небо,train
481,Милош Линдро,Енох на седмото небо II,train
482,Милош Линдро,Господ Еноху,val
483,Милош Линдро,Господ Еноху (II),val
484,Милош Линдро,Господ Еноху (III),train
485,Милош Линдро,ГОСПОД ЕНОХУ (IV),train
486,Милош Линдро,ГОСПОД ЕНОХУ (V),test
487,Милош Линдро,"ЕНОХ ЗА БОГА, ЗА НЕБЕСАТА И ЗА АДОТ",val
488,Милош Линдро,СВЕДОШТВОТО НА ЕНОХ ЗА АДАМА,train
489,Милош Линдро,ЗЕМЈОМЕРОТ ЈА МЕРИ ВИСТИНАТА,train
490,Милош Линдро,ПРИДУШЕНИОТ ГЛАС,train
491,Милош Линдро,"БЕЛЕЗИ: ОДЕК, ТАЛОГ",train
492,Милош Линдро,"ЛАЈ, ЈОКАСТА И ОЈДИП",train
493,Милош Линдро,РАЗМИНУВАЊЕ,val
494,Милош Линдро,ИНО,train
495,Милош Линдро,СО ГОВОРОТ,train
496,Милош Линдро,ЗАГУБАТА,test
497,Милош Линдро,ОСКВЕРНУВАЊЕ,train
498,Милош Линдро,СТРОЕЊЕ,train
499,Милош Линдро,РАМКАТА НА ЖИВОТОТ,train
500,Милош Линдро,НЕКОГАШ РЕКОВ,train
501,Милош Линдро,НАДВОР,train
502,Милош Линдро,ЗНАЦИТЕ НА ПОСЛЕДНИТЕ ВРЕМИЊА,train
503,Милош Линдро,ОРФЕЈ,train
504,Милош Линдро,ТОЧКА НА ПРЕВОЈ,train
505,Милош Линдро,САМОЗАБОРАВ,train
506,Милош Линдро,КОН СОНЧЕВИТЕ ПОРТИ,train
507,Милош Линдро,ПРЕДУПРЕДА,train
508,Бранко Цветкоски,МОЛИТВЕН ВЕЈ,train
509,Бранко Цветкоски,СЕ ВРАЌА НОЌТА,train
510,Бранко Цветкоски,ЗЕМЈА. ПРИЧЕСНА. ЗОБ,train
511,Бранко Цветкоски,ДОЈКИ НАД ЖИТАТА,test
512,Бранко Цветкоски,АПОРИЈА. ЗЕМНА,train
513,Бранко Цветкоски,ОМАЈ,train
514,Бранко Цветкоски,СОНОТ НА СЕМИЊАТА,train
515,Бранко Цветкоски,НЕБЦЕ ВО ОБЛАКОТ,train
516,Бранко Цветкоски,ПЛАДНЕВНА МОЛИТВА,train
517,Бранко Цветкоски,ПЛОТ,train
518,Бранко Цветкоски,ЧЕШМА ПОКРАЈ ПАТОТ 1.,val
519,Бранко Цветкоски,ЧЕШМА ПОКРАЈ ПАТОТ 2.,train
520,Бранко Цветкоски,ЧЕШМА ПОКРАЈ ПАТОТ 3.,train
521,Бранко Цветкоски,ЧЕШМА ПОКРАЈ ПАТОТ 3.(7),train
522,Бранко Цветкоски,ЧЕШМА ПОКРАЈ ПАТОТ 3.(6),train
523,Бранко Цветкоски,FIX,train
524,Бранко Цветкоски,ДВЕ ОЧИ. ДВА ДОЛА,train
525,Бранко Цветкоски,ВОДОДЕЛНИЦА,train
526,Бранко Цветкоски,ГРАМОТА,train
527,Бранко Цветкоски,ПРЕКОР,train
528,Бранко Цветкоски,СЕВЕРЕН ТАНЦ 1.,test
529,Бранко Цветкоски,СЕВЕРЕН ТАНЦ 2.,train
530,Бранко Цветкоски,СЕВЕРЕН ТАНЦ 3.,train
531,Бранко Цветкоски,СЕВЕРЕН ТАНЦ 4.,train
532,Бранко Цветкоски,СЕВЕРЕН ТАНЦ 5.(2),train
533,Бранко Цветкоски,СЕВЕРЕН ТАНЦ 6. (4),train
534,Бранко Цветкоски,СЕВЕРЕН ТАНЦ 7. (6),train
535,Бранко Цветкоски,СЕВЕРЕН ТАНЦ 8. (7),train
536,Бранко Цветкоски,МАРТОВСКИ СНЕГ,train
537,Бранко Цветкоски,АКАТИСТ,train
538,Бранко Цветкоски,СТАРОСТАВНА,val
539,Бранко Цветкоски,СТАПАЛКИ. БИБЛИСКИ МОЛК,train
540,Бранко Цветкоски,СНАИТЕ ОД ЗЕМЈА,val
541,Бранко Цветкоски,ЦЕЛОСТА,val
542,Бранко Цветкоски,ЈАВКА,train
543,Бранко Цветкоски,СЕВЕРНА КВАЧКА,train
544,Бранко Цветкоски,БОГИНКИ,train
545,Бранко Цветкоски,ГЛАСНИК,test
546,Бранко Цветкоски,ДЕНОТ ШТО ЗАВЛЕКУВА,train
547,Бранко Цветкоски,SAECULUM,test
548,Бранко Цветкоски,РЕКАМ,train
549,Блаже Конески,ЗОВ,train
550,Блаже Конески,ПРОЛЕТ,train
551,Блаже Конески,РАМНИНА,val
552,Блаже Конески,ПРИСПИВНА,train
553,Блаже Конески,ОЧАЈ,train
554,Блаже Конески,МОЛИТВА,train
555,Блаже Конески,ШУМ,train
556,Блаже Конески,ЕСЕНСКО УТРО,train
557,Блаже Конески,СМРТНА ПЕСНА,train
558,Блаже Конески,ПОЛНОЌ,val
559,Блаже Конески,СОН,train
560,Блаже Конески,ПЕСНА ЗА МАСЛИНКИТЕ,train
561,Блаже Конески,ПРОШТАЛНА ПЕСНА,train
562,Блаже Конески,МОЛИТВА,train
563,Блаже Конески,ЗИМЕН ДЕН,val
564,Блаже Конески,ВРАЌАЊЕ,train
565,Блаже Конески,ПЕСНА,train
566,Блаже Конески,БУРА,train
567,Блаже Конески,ПУСТИНА,train
568,Блаже Конески,ПЕСНА,train
569,Блаже Конески,В КРЧМА,train
570,Блаже Конески,ПЕСНА,test
571,Блаже Конески,СЛУЖБА,test
572,Блаже Конески,СПОМЕН ЗА СЛАВЕЈ,train
573,Блаже Конески,БДЕЕЊЕ,train
574,Блаже Конески,ЉУБОВ,val
575,Блаже Конески,ЗА НЕПОЗНАТАТА - СПОМЕН,val
576,Блаже Конески,ЗА НЕПОЗНАТАТА - РАЗДЕЛЕНОСТ,train
577,Блаже Конески,ЗА НЕПОЗНАТАТА - ТРЕПЕТ,train
578,Блаже Конески,ЗА НЕПОЗНАТАТА  - БЕГСТВО,train
579,Блаже Конески,ЗА НЕПОЗНАТАТА - ЖЕД,train
580,Блаже Конески,ЗА НЕПОЗНАТАТА - ГРАБЕЖ,train
581,Блаже Конески,ЛИК,train
582,Блаже Конески,УСПИВАЊЕ НА БОЛНО ДЕТЕ,train
583,Блаже Конески,’РЖ,train
584,Блаже Конески,ПЧЕНИЦА,train
585,Блаже Конески,МАК,train
586,Блаже Конески,ЈАГОТКИ,train
587,Блаже Конески,ПРОЛЕТНА ВЕЧЕР,train
588,Блаже Конески,КУМАНОВСКИОТ ПРЕВОЈ,train
589,Блаже Конески,ПРОШЕТКА,test
590,Блаже Конески,ИСКУШУВАЊЕ,train
591,Блаже Конески,ЧЕКАЊЕ,val
592,Блаже Конески,НАВРЕДИ,train
593,Блаже Конески,МАТУРАНТИ,train
594,Блаже Конески,ИКОНА,train
595,Блаже Конески,ГУГУЧКА,train
596,Блаже Конески,АНГЕЛОТ НА СВЕТА СОФИЈА,train
597,Блаже Конески,КАЛЕМЕГДАН,train
598,Блаже Конески,СКОПЈЕ,test
599,Блаже Конески,ВЕЗИЛКА,train
600,Блаже Конески,НОЖ,train
601,Блаже Конески,ПАТНИК,train
602,Блаже Конески,СНЕГ,test
603,Блаже Конески,ЅВЕЗДИ,train
604,Блаже Конески,РУЖА,train
605,Блаже Конески,ЗАСПИВАЊЕ,train
606,Блаже Конески,ВИЈ,train
607,Блаже Конески,ГАЛЕБ,train
608,Блаже Конески,НЕЖНОСТ,train
609,Блаже Конески,РАЗДЕЛБА,train
610,Блаже Конески,ИГРАНКА,train
611,Блаже Конески,КОШМАР,train
612,Блаже Конески,ПЕСНА,train
613,Блаже Конески,ТИШИНА,train
614,Блаже Конески,ПРОЛЕТ,train
615,Блаже Конески,ТАЈНА,test
616,Блаже Конески,ВРВ,train
617,Блаже Конески,СМЕА,train
618,Блаже Конески,ЖРТВА,train
619,Блаже Конески,КАФЕЗ,train
620,Блаже Конески,РЕКА,train
621,Блаже Конески,ЗДРАВИЦА,train
622,Блаже Конески,ОД ВОЗОТ,train
623,Блаже Конески,СТАРАТА,train
624,Блаже Конески,ПОЧИНКА,train
625,Блаже Конески,УТРО,train
626,Блаже Конески,ДАБ,train
627,Блаже Конески,СТЕБЛО,val
628,Блаже Конески,ЛАСТОВИЦИ,train
629,Блаже Конески,ПЧЕЛАР,train
630,Блаже Конески,ЈАГЛЕН,train
631,Блаже Конески,ШТИП,train
632,Блаже Конески,ДЕТЕ ЗАСПАНО КРАЈ ЕЗЕРО,val
633,Блаже Конески,БОЛЕН ДОЈЧИН,val
634,Блаже Конески,ПЕПЕЛАШКА,train
635,Блаже Конески,ЉУБОВ,train
636,Блаже Конески,ВОЛК,test
637,Блаже Конески,ВЉУБЕНИ ДЕВОЈКИ,val
638,Блаже Конески,УБАВИТЕ ЖЕНИ,train
639,Блаже Конески,РЕКИ,train
640,Блаже Конески,ТОРЕАДОР,train
641,Блаже Конески,УРНАТИНА,train
642,Блаже Конески,МРАЗ,train
643,Блаже Конески,ПОЛНОЌ,val
644,Блаже Конески,ПОСЛОВИЦА,test
645,Блаже Конески,ПРОШТАВАЊЕ ОД ПАРИЗ,train
646,Блаже Конески,ДЕВСТВЕНИЦИ,train
647,Блаже Конески,КОЛУМБО,train
648,Блаже Конески,ПОРТРЕТ,train
649,Блаже Конески,ВОДНО,train
650,Блаже Конески,ПЕСНА НА ЛОЗИТЕ ВО ЛОЗЈАТА НА ВОДНО,train
651,Блаже Конески,ТЕШКОТО,train
652,Блаже Конески,ИЛИНДЕНСКИ МЕЛОДИИ,test
653,Блаже Конески,ПЕСНАТА,train
654,Блаже Конески,ПИСМО,val
655,Блаже Конески,НА ГРАНИЦА,train
656,Блаже Конески,ПРОЛЕТНА ПЕСНА,train
657,Блаже Конески,ВЕСЕЛА ПЕСНА,train
658,Блаже Конески,ПОЛНОЌ,train
659,Блаже Конески,УТРО,train
660,Блаже Конески,КАРАОРМАН,train
661,Блаже Конески,ОХРИД,val
662,Блаже Конески,ДОЈРАН,test
663,Блаже Конески,Младост,train
664,Блаже Конески,Саат,train
665,Блаже Конески,Сонот,val
666,Блаже Конески,Разговор со детенце,train
667,Блаже Конески,Планина,train
668,Блаже Конески,Пред годишнината на татковата смрт,train
669,Блаже Конески,Струмиче,train
670,Блаже Конески,Гугучка,val
671,Блаже Конески,Распетие,train
672,Блаже Конески,Порака,test
673,Блаже Конески,Ризница,train
674,Блаже Конески,Елен самак,train
675,Блаже Конески,Превалец,train
676,Блаже Конески,Суша,train
677,Блаже Конески,Дон Кихот,train
678,Блаже Конески,Одисеј,test
679,Блаже Конески,Љубовница,train
680,Блаже Конески,Три крупни жени,test
681,Блаже Конески,Куманово,train
682,Блаже Конески,Внукот,train
683,Блаже Конески,Спомен,train
684,Блаже Конески,Вепар,test
685,Блаже Конески,Штурци,train
686,Блаже Конески,Пеперуга,train
687,Блаже Конески,Ревматизам,train
688,Блаже Конески,Езеро,train
689,Блаже Конески,Кобење,train
690,Блаже Конески,Зборот,train
691,Блаже Конески,Копачење,train
692,Блаже Конески,Питачи,train
693,Блаже Конески,Мајска ноќ,train
694,Блаже Конески,Спомен,train
695,Блаже Конески,Миг,train
696,Блаже Конески,Студ,train
697,Блаже Конески,Ружа,train
698,Блаже Конески,Камикаѕе,train
699,Блаже Конески,РИБАР,test
700,Блаже Конески,РАЗГОВОР,val
701,Блаже Конески,КРУША ДИВЈАЧКА,train
702,Блаже Конески,ПЕСНА ЗА ЖИВОТОТ,test
703,Блаже Конески,КАМБАНИ,train
704,Блаже Конески,НОЌНА ПЕСНА,train
705,Блаже Конески,РАЗДЕЛБА,val
706,Блаже Конески,ЗАКОПНА ПЕСНА,test
707,Блаже Конески,СТАРАТА,train
708,Блаже Конески,ПЕСНАТА ЗА ЗАТВОРНИЦАТА,train
709,Блаже Конески,СОНЧЕВА КОЛОНА,train
710,Блаже Конески,1.,train
711,Блаже Конески,2.,train
712,Блаже Конески,3.,train
713,Блаже Конески,4.,train
714,Блаже Конески,5.,train
715,Блаже Конески,6.,train
716,Блаже Конески,7. СКАЗНАТА НА СТАРИОТ МАЈСТОР,test
717,Пијан Славеј,***,val
718,Пијан Славеј,ШВАЛЕРСКИОТ ВОЗ Е ВО ДВА,train
719,Пијан Славеј,ОД ЉУБОВТА ТРЕБА ДА СЕ ПАЗИМЕ,train
720,Пијан Славеј,АДРЕНАЛИН,train
721,Пијан Славеј,АНТИТЕЛО,train
722,Пијан Славеј,ПИЈАН СЛАВЕЈ,train
723,Пијан Славеј,МИРО,train
724,Пијан Славеј,АМАНАМАН,train
725,Пијан Славеј,СЛОБОДНАТА ЉУБОВ,val
726,Пијан Славеј,ЕЛА СИ В КРЕВЕТ,train
727,Пијан Славеј,ОБЛАЧЕ,train
728,Пијан Славеј,КУПИДОН,train
729,Пијан Славеј,ЛАВА ЛАВА,train
730,Пијан Славеј,ДВОЈКА,train
731,Пијан Славеј,ШТЕТА!,train
732,Пијан Славеј,ВО ЈУЛИ БИТОЛА,test
733,Пијан Славеј,***,train
734,Пијан Славеј,АВТОПОРТРЕТИ,train
735,Пијан Славеј,НЕСОНИЦА,train
736,Пијан Славеј,ОГЛЕДАЛО,val
737,Пијан Славеј,МИ СЕ ВОДИ ЉУБОВ,val
738,Пијан Славеј,1. (Адам и Ева),test
739,Пијан Славеј,2. (Боксер),train
740,Пијан Славеј,МАЧКА ВО ВРЕЌА,train
741,Пијан Славеј,ШАРЛАТАН,train
742,Пијан Славеј,ПРСТОМЕТ,val
743,Пијан Славеј,АНГЕЛОТ-ЧУВАР СНОШТИ ГО ЗГАЗИВ,train
744,Пијан Славеј,НОЌТА КОГА РЕЧЕ: МОЖЕШ САМО ДА МЕ СОНУВАШ!,train
745,Пијан Славеј,ЗАБОРАВИВ КАКО ИЗГЛЕДАШ,train
746,Пијан Славеј,СЕ ЖАЛЕА МОИТЕ ГУЛАПЧИЊА ПИСМОНОСЦИ,train
747,Пијан Славеј,УСНИ ПАКОСНИ ЧЕРЕШОВИ,test
748,Пијан Славеј,НЕ ДОЗВОЛУВАЈ ДА ТИ ПРОСТАМ,train
749,Пијан Славеј,КАБАЕТ,train
750,Пијан Славеј,СРЦАТА НИКАКО ДА ФАТАТ ЧЕКОР,train
751,Пијан Славеј,ОПУЛ,train
752,Пијан Славеј,ШАМАРЧЕ,train
753,Пијан Славеј,ОКО,train
754,Пијан Славеј,"ТИ ВЕРУВАМ, ТИ ВЕРУВАМ",train
755,Пијан Славеј,"ДОБРО УТРО, КАЛИПСО",train
756,Пијан Славеј,СЕНКИ,train
757,Пијан Славеј,БУКЕ НА ЕДЕН ДОБРО ОДЛЕЖАН БАКНЕЖ,val
758,Пијан Славеј,БЕЛАТА СМРТ НА ЕДНА КРАТКА ЉУБОВ,train
759,Пијан Славеј,ТУКУТАКА,train
760,Пијан Славеј,ИГРИВО СРЦЕ,train
761,Пијан Славеј,СТРАНЦИ ВО НОЌТА,val
762,Пијан Славеј,ГАЛЕЖЛИВО,train
763,Пијан Славеј,АБРАКАДАБРА,train
764,Пијан Славеј,ШПИРИТУС МОВЕНС,train
765,Пијан Славеј,ЈАЗИК,train
766,Пијан Славеј,РАСПЕСНИЕ,train
767,Пијан Славеј,АРАПСКИ НОЌИ,train
768,Пијан Славеј,СИТЕ ЛИЦА НА ЧОВЕКОТ,train
769,Пијан Славеј,ЧУВАЈ СЕ,train
770,Пијан Славеј,МИЗАНТРОПИЈА,val
771,Пијан Славеј,ХЕЈТ,val
772,Пијан Славеј,КАЈ ЌЕ ОДИ СЕТО ТОА САКАЊЕ,train
773,Пијан Славеј,ЗАБЛУДИ,train
774,Пијан Славеј,СРЦЕЛИЈА,test
775,Пијан Славеј,КЛИНЧ,train
776,Пијан Славеј,ПОЈАНИЦА,train
777,Пијан Славеј,ПРОБАЈ!,train
778,Пијан Славеј,ЕБАНГЕЛИЕ ПО ЗИФРЕДИ,val
779,Пијан Славеј,НЕЗНАЈНИОТ ЉУБОВНИК,train
780,Пијан Славеј,ПИГМАЛИОН ВО ОБИД,test
781,Пијан Славеј,КОГА СОНОТ ЗАМИНА ПЕНЗИЈА,train
782,Пијан Славеј,ШТО Е ТУКА Е!,train
783,Пијан Славеј,ДЛАНКОПИС,train
784,Пијан Славеј,КОЈ МОЖЕ ДА РАСИПЕ ЕДЕН ВАКОВ ДЕН,val
785,Пијан Славеј,СТАРАТА БОЛКА,train
786,Пијан Славеј,ХРАБРОСТ ВО ЧАШАТА,train
787,Пијан Славеј,СЕБЕПРИФАТИЛИШТЕ,train
788,Пијан Славеј,МАЈКО,train
789,Пијан Славеј,КОРЕЊА,train
790,Пијан Славеј,ЗАБРАНЕТО ОВОШЈЕ,train
791,Пијан Славеј,СВРЗАНИ САДОВИ,val
792,Пијан Славеј,РАСИПИКУЌА,train
793,Пијан Славеј,НЕДОПРЕНА,test
794,Пијан Славеј,КАКО ДА ПРЕПОЗНАЕШ ПРЕДОЧЕНА УБАВИНА,train
795,Пијан Славеј,МОЛИТВА,test
796,Пијан Славеј,ПАРФЕМ,train
797,Пијан Славеј,ЕДНА ВЕДРА НОЌ,train
798,Пијан Славеј,НЕЖНОСТ,train
799,Пијан Славеј,АТЛАНТИДА НА МЕРАКОТ,train
800,Пијан Славеј,ПЛЕСОК,train
801,Пијан Славеј,МУЗИКАТА В РАЦЕ,train
802,Пијан Славеј,ЛУТА,train
803,Пијан Славеј,КАЛЕМЕЊЕ,train
804,Пијан Славеј,ПРАШАЈ МЕ СТОПАТИ СТОПАТИ ЌЕ ПОВТОРАМ,train
805,Пијан Славеј,АЈ ШТО МИ СЕ СВИРАТ,train
806,Пијан Славеј,МАРШ!,train
807,Пијан Славеј,ПЕЕЊЕ ПОД ТУШ,train
808,Пијан Славеј,ПЕПЕЛАШКА,train
809,Пијан Славеј,ЗБОГУМ,train
810,Пијан Славеј,ПОЛИГРАФ,train
811,Пијан Славеј,ВИНОВЕН,train
812,Пијан Славеј,НЕ ГО БАРАЈ ТОА ОД МЕНЕ,train
813,Пијан Славеј,СИОТ ЗНАЕН СВЕТ,train
814,Пијан Славеј,ЈАБОЛЧЕ,test
815,Пијан Славеј,АКО БАРАШ ЉУБОВ НЕМА ШТО ДА ЧЕКАШ,train
816,Пијан Славеј,СО ВРЗАНИ ОЧИ СЕ ПЕЕ ТАА ПЕСНА,train
817,Пијан Славеј,ИСПИЛУВАЊЕ,train
818,Пијан Славеј,МУЗА,train
819,Пијан Славеј,НЕ СМЕ ЗА ВЕРУВАЊЕ,train
820,Пијан Славеј,КЛУПА,train
821,Пијан Славеј,СЛАТКОВОДЕН БАКНЕЖ,val
822,Пијан Славеј,МОЛИТВА бр. 2,train
823,Пијан Славеј,СТУДЕН,test
824,Пијан Славеј,СРЕЌАТА Е ТАМУ НА ДРУГАТА СТРАНА,train
825,Пијан Славеј,НЕКОГАШ ЗАПАЃАМ ВО ДЛАБОКА ЛИРИКА,train
826,Пијан Славеј,APPALOOSA,test
827,Пијан Славеј,ВКУС,train
828,Пијан Славеј,ОДДИШКА,train
829,Пијан Славеј,"СИ ЉУБЕЛА, ЌЕ ЉУБИШ",train
830,Пијан Славеј,ПОПАТНА,test
831,Пијан Славеј,СРОД,train
832,Пијан Славеј,ПАЈАКОВА МРЕЖА,test
833,Пијан Славеј,БЕЗУМИЕ,train
834,Пијан Славеј,СКРШЕНО ЦВЕЌЕ,train
835,Пијан Славеј,КОГА ТЕ НЕМАМ,train
836,Пијан Славеј,КАДЕ И ДА ОДИШ,train
837,Пијан Славеј,ТРЧАЊЕ ВО ПРЕСРЕТ,val
838,Пијан Славеј,НИЕ,train
839,Пијан Славеј,ЛЕБЕДОВА,train
840,Пијан Славеј,ВИДЕЛИНА,train
841,Пијан Славеј,ОЧИ В ОЧИ,train
842,Пијан Славеј,ВЕРБА,train
843,Пијан Славеј,ЦРНО ПИЛЕ,train
844,Пијан Славеј,ЛЕТ,train
845,Пијан Славеј,***,train
846,Пијан Славеј,ЈАЗИК ЗА ДВАЈЦА,train
847,Пијан Славеј,БЛОСОЕЊЕ,train
848,Пијан Славеј,СЛЕПИЛО,train
849,Пијан Славеј,"МОЛЧИ, МОЛЧИ, ЉУБОВ МОЈА",train
850,Пијан Славеј,НЕКОЛКУ ЗБОРА,test
851,Пијан Славеј,ТАМУ КАЈ ШТО ПРВПАТ ТЕ ЗАГУБИВ,train
852,Пијан Славеј,АНАТОМИЈА НА ЕДНА ПОРАНЕШНА ЉУБОВ,train
853,Пијан Славеј,НА ЅИДОТ,train
854,Пијан Славеј,НЕ МЕ ВОЗНЕМИРУВАЈ,train
855,Пијан Славеј,ОВОШНИ ПЕСНИ,val
856,Пијан Славеј,ПАЛИМПСЕСТ,train
857,Пијан Славеј,НА ЗДРАВЈЕ,train
858,Пијан Славеј,НЕКА ТЕЧЕ ЉУБОВТА,train
859,Пијан Славеј,ПОТРЕБНО Е ЧУДО ДА ВОСКРЕСНЕ ЧОВЕК,test
860,Пијан Славеј,ГНЕЗДО,train
861,Пијан Славеј,ДВЕ ПТИЦИ,train
862,Пијан Славеј,КРСТ,test
863,Пијан Славеј,САМИЦА,train
864,Пијан Славеј,ЅЕНЅАР,train
865,Пијан Славеј,СРНА НА ПАТОТ,train
866,Пијан Славеј,ШТИПНИ МЕ ДА ЗНАМ ДЕКА НЕ СОНУВАМ,train
867,Пијан Славеј,"Mr SANDMAN, BRING ME A DREAM",val
868,Пијан Славеј,ЛАГАДИН,train
869,Пијан Славеј,НЕ СТАВАЈ КАРМИН,test
870,Пијан Славеј,СЕРБЕЗ,train
871,Пијан Славеј,ВКУСНИ ВИНСКИ УСНИ,train
872,Пијан Славеј,РИТУАЛИ,train
873,Пијан Славеј,ШТРКОТ,train
874,Пијан Славеј,УТРЕ,train
875,Пијан Славеј,АЈАХУАСКА,train
876,Пијан Славеј,НОЕ ДРЕМЕ ГОРЕ НА ТЕРАСАТА НА ГОРИЦА,train
877,Ефтим Клетников,јавач во полноќта,train
878,Ефтим Клетников,Јавач во полноќта - 2,train
879,Ефтим Клетников,Јавач во полноќта - 3,train
880,Ефтим Клетников,Јавач во полноќта - 4,train
881,Ефтим Клетников,Јавач во полноќта - 5,train
882,Ефтим Клетников,окото на темниот - 1,train
883,Ефтим Клетников,окото на темниот - 2,train
884,Ефтим Клетников,ОКОТО НА ТЕМНИОТ ГИ ИЗВИДЕ И ГРОБОВИТЕ,train
885,Ефтим Клетников,ДЕТЕТО И ОКОТО НА ТЕМНИОТ - 1,train
886,Ефтим Клетников,ДЕТЕТО И ОКОТО НА ТЕМНИОТ - 2,train
887,Ефтим Клетников,ДЕТЕТО И ОКОТО НА ТЕМНИОТ - 3,val
888,Ефтим Клетников,НЕ МИНУВАЈТЕ ПОКРАЈ ГРОБОВИТЕ НА ДЕВОЈКИТЕ - 1,val
889,Ефтим Клетников,НЕ МИНУВАЈТЕ ПОКРАЈ ГРОБОВИТЕ НА ДЕВОЈКИТЕ - 2,train
890,Ефтим Клетников,НЕ МИНУВАЈТЕ ПОКРАЈ ГРОБОВИТЕ НА ДЕВОЈКИТЕ - 3,train
891,Ефтим Клетников,НЕ МИНУВАЈТЕ ПОКРАЈ ГРОБОВИТЕ НА ДЕВОЈКИТЕ - 4,train
892,Ефтим Клетников,ОКОТО НА ТЕМНИОТ ГО ГЛЕДА МРТВОТО ДЕВОЈЧЕ НА ВОДЕНИЧАРОТ - 1,train
893,Ефтим Клетников,ОКОТО НА ТЕМНИОТ ГО ГЛЕДА МРТВОТО ДЕВОЈЧЕ НА ВОДЕНИЧАРОТ - 2,train
894,Ефтим Клетников,ОКОТО НА ТЕМНИОТ ГО ГЛЕДА МРТВОТО ДЕВОЈЧЕ НА ВОДЕНИЧАРОТ - 3,train
895,Ефтим Клетников,ОКОТО НА ТЕМНИОТ ГО ГЛЕДА МРТВОТО ДЕВОЈЧЕ НА ВОДЕНИЧАРОТ - 4,train
896,Ефтим Клетников,ОКОТО НА ТЕМНИОТ ГО ГЛЕДА МРТВОТО ДЕВОЈЧЕ НА ВОДЕНИЧАРОТ - 5,train
897,Ефтим Клетников,ОКОТО НА ТЕМНИОТ ГО ГЛЕДА МРТВОТО ДЕВОЈЧЕ НА ВОДЕНИЧАРОТ - 6,train
898,Ефтим Клетников,ОКОТО НА ТЕМНИОТ И ЉУБОВНИЦИТЕ - 1  - Слика во пролетната слика,val
899,Ефтим Клетников,ОКОТО НА ТЕМНИОТ И ЉУБОВНИЦИТЕ - 2 - Меѓуслика,train
900,Ефтим Клетников,ОКОТО НА ТЕМНИОТ И ЉУБОВНИЦИТЕ - 3 - Отсутна слика,train
901,Ефтим Клетников,НОЌНИ СВРШЕНИЦИ,train
902,Ефтим Клетников,ТЕМНА ЦРКВА,train
903,Ефтим Клетников,ДОЛОТ,train
904,Ефтим Клетников,СКАЗНА ВО ДВЕ СЛИКИ - 1  - Зимска слика,test
905,Ефтим Клетников,СКАЗНА ВО ДВЕ СЛИКИ - 1  - Пролетна слика,train
906,Ефтим Клетников,НАСТАН НА БРЕГОТ ОД МОРИЊАТА,train
907,Ефтим Клетников,ДОЦНА ЕСЕН,train
908,Ефтим Клетников,НОЌНА СВАДБА - 1,train
909,Ефтим Клетников,НОЌНА СВАДБА - 2,train
910,Ефтим Клетников,ПЕСНА ЗА ПРОЛЕТНИОТ ВЕТЕР,train
911,Ефтим Клетников,ПОСЛЕДНА НОЌ НА ЛЕТОТО Е - 1,train
912,Ефтим Клетников,ПОСЛЕДНА НОЌ НА ЛЕТОТО Е - 2,train
913,Ефтим Клетников,ПОСЛЕДНА НОЌ НА ЛЕТОТО Е - 3,val
914,Ефтим Клетников,ПОСЛЕДНА НОЌ НА ЛЕТОТО Е - 4,train
915,Ефтим Клетников,ПРИЧЕСТУВАЊЕ НА АПОСТОЛИТЕ,train
916,Ефтим Клетников,ЦВЕТНИЦИ - Оплакување (предслика),train
917,Ефтим Клетников,Цветници - Вознесување (знамение на сликата),train
918,Ефтим Клетников,БЛАГОВЕСТИ,train
919,Ефтим Клетников,ДЕТЕТО ПЛАЧЕ. НОЌТА Е ТЕМНА,val
920,Ефтим Клетников,РАНА ПРОЛЕТ. ДЕТЕТО ГО НАСЛОНИЛО УВОТО НА ЦВЕЌЕТО ВО РИДОВИТЕ. 1.,train
921,Ефтим Клетников,РАНА ПРОЛЕТ. ДЕТЕТО ГО НАСЛОНИЛО УВОТО НА ЦВЕЌЕТО ВО РИДОВИТЕ. 2.,train
922,Ефтим Клетников,FIX,train
923,Ефтим Клетников,ПРОЛЕТ. БОЛНО ДЕТЕ. -1.- Ден. Светлина.,train
924,Ефтим Клетников,ПРОЛЕТ. БОЛНО ДЕТЕ. -2.- Ноќ. Луња.,train
925,Ефтим Клетников,ПРОЛЕТ. БОЛНО ДЕТЕ. -3.- Полноќ. Ѕвездата се гаси.,train
926,Ефтим Клетников,ПРОЛЕТ. БОЛНО ДЕТЕ. -4.- Утро. Отсутност.,train
927,Ефтим Клетников,ДЕТЕТО ГЛЕДА ВО НОЌТА Трагична соната во две слики,train
928,Ефтим Клетников,ОТПОСЛЕ СỀ РАСТЕ,train
929,Ефтим Клетников,НАСТАН ВО ЗИМСКАТА НОЌ -1,train
930,Ефтим Клетников,НАСТАН ВО ЗИМСКАТА НОЌ - 2,test
931,Ефтим Клетников,НАСТАН ВО ЗИМСКАТА НОЌ - 3,train
932,Ефтим Клетников,НАСТАН ВО ЗИМСКАТА НОЌ - 4,train
933,Ефтим Клетников,НА ТАТКО МИ МУ ЧИТАМ СКАЗНА НА КРАЈОТ ОД БРАЗДАТА - 1,test
934,Ефтим Клетников,НА ТАТКО МИ МУ ЧИТАМ СКАЗНА НА КРАЈОТ ОД БРАЗДАТА - 2,train
935,Ефтим Клетников,НА ТАТКО МИ МУ ЧИТАМ СКАЗНА НА КРАЈОТ ОД БРАЗДАТА - 3,train
936,Ефтим Клетников,НА ТАТКО МИ МУ ЧИТАМ СКАЗНА НА КРАЈОТ ОД БРАЗДАТА - 4,train
937,Ефтим Клетников,НА ТАТКО МИ МУ ЧИТАМ СКАЗНА НА КРАЈОТ ОД БРАЗДАТА - 5,test
938,Ефтим Клетников,НА МОЈОТ ИМЕНДЕН ТАТКО МИ КРЕВА ЗДРАВИЦА - 1,train
939,Ефтим Клетников,НА МОЈОТ ИМЕНДЕН ТАТКО МИ КРЕВА ЗДРАВИЦА - 2,train
940,Ефтим Клетников,НА МОЈОТ ИМЕНДЕН ТАТКО МИ КРЕВА ЗДРАВИЦА - 3,train
941,Ефтим Клетников,ТИХА БЕСЕДА СО ТАТКО МИ,train
942,Ефтим Клетников,НА ПОЛНОЌ КОГА ПРСКА ЈАТКАТА НА МРАКОТ-1,test
943,Ефтим Клетников,НА ПОЛНОЌ КОГА ПРСКА ЈАТКАТА НА МРАКОТ-2,train
944,Ефтим Клетников,НА ПОЛНОЌ КОГА ПРСКА ЈАТКАТА НА МРАКОТ-3,train
945,Ефтим Клетников,НА ПОЛНОЌ КОГА ПРСКА ЈАТКАТА НА МРАКОТ-4,train
946,Ефтим Клетников,НА ПОЛНОЌ КОГА ПРСКА ЈАТКАТА НА МРАКОТ-5,train
947,Ефтим Клетников,НА ПОЛНОЌ КОГА ПРСКА ЈАТКАТА НА МРАКОТ-6,train
948,Ефтим Клетников,НА ПОЛНОЌ КОГА ПРСКА ЈАТКАТА НА МРАКОТ-7,train
949,Ефтим Клетников,темно место,train
950,Ефтим Клетников,моливот на поетот,test
951,Ефтим Клетников,светлината е огромна тајна,train
952,Ефтим Клетников,светлината е огромна тајна,train
953,Ефтим Клетников,шумски пат I.,train
954,Ефтим Клетников,шумски пат II.,test
955,Ефтим Клетников,шумски пат III.,train
956,Ефтим Клетников,шумски пат IV.,val
957,Ефтим Клетников,вечера (тајна?),train
958,Ефтим Клетников,есеј : голгота,val
959,Ефтим Клетников,во здивот и издивот,test
960,Ефтим Клетников,жестоко,train
961,Ефтим Клетников,кукавица 1.,val
962,Ефтим Клетников,кукавица   2.,train
963,Ефтим Клетников,гавранот,test
964,Ефтим Клетников,влечење за јазик,train
965,Ефтим Клетников,матно стакло,train
966,Ефтим Клетников,лош сон : ограда од боцкав тељ,train
967,Ефтим Клетников,класична композиција,train
968,Ефтим Клетников,21 јули 1983,train
969,Ефтим Клетников,зимски простор,train
970,Ефтим Клетников,записи од велестово,train
971,Ефтим Клетников,гроб во бесмртната вода,val
972,Ефтим Клетников,доцна есен,train
973,Ефтим Клетников,сон : стариот овоштарник на дедо ми,train
974,Ефтим Клетников,"три мотиви од св. наум   - 1. стојам на камената ограда во св. наум,  ја гледам рамната површина на водата",train
975,Ефтим Клетников,три мотиви од св. наум  - 2. на исто место,train
976,Ефтим Клетников,три мотиви од св. наум  - 3. срцето на св. наум,train
977,Ефтим Клетников,сандански 1.,train
978,Ефтим Клетников,сандански 2.,test
979,Ефтим Клетников,сандански   3.,train
980,Ефтим Клетников,искуства 1.,train
981,Ефтим Клетников,искуства 2.,train
982,Ефтим Клетников,искуства 3.,train
983,Ефтим Клетников,искуства 4.,train
984,Ефтим Клетников,искуства 5.,train
985,Ефтим Клетников,псалм,train
986,Ефтим Клетников,requiem 1. просторија со мртво тело,train
987,Ефтим Клетников,requiem 2. епизоди од детството,test
988,Ефтим Клетников,requiem 3. песна за сината престолнина,train
989,Ефтим Клетников,"requiem 4. студено утро, мермерни плочи",train
990,Ефтим Клетников,псалм,test
991,Ефтим Клетников,***,train
992,Ефтим Клетников,***,val
993,Ефтим Клетников,***,val
994,Ефтим Клетников,***,train
995,Ефтим Клетников,***,train
996,Ефтим Клетников,***,test
997,Ефтим Клетников,***,train
998,Ефтим Клетников,***,val
999,Ефтим Клетников,***,train
1000,Ефтим Клетников,***,val
1001,Ефтим Клетников,***,train
1002,Ефтим Клетников,***,train
1003,Ефтим Клетников,***,train
1004,Ефтим Клетников,***,train
1005,Ефтим Клетников,***,train
1006,Ефтим Клетников,***,train
1007,Ефтим Клетников,***,train
1008,Ефтим Клетников,***,train
1009,Ефтим Клетников,***,train
1010,Ефтим Клетников,***,train
1011,Коле Неделковски,ГЛАС ОД МАКЕДОНИЈА,train
1012,Петре М. Андреевски,ПЕСНА ЗА МОЈАТА ПЕСНА,train
1013,Петре М. Андреевски,ПРВИТЕ ПОДАТОЦИ ЗА ДЕНИЦИЈА,test
1014,Петре М. Андреевски,УМИЛКУВАЊЕ,train
1015,Петре М. Андреевски,ПРВА ИСПОВЕД,train
1016,Петре М. Андреевски,ЛЕТУВАЊЕ,train
1017,Петре М. Андреевски,ПЕСНА ЗА НЕЈЗИНАТА ПЕСНА,test
1018,Петре М. Андреевски,ВО СОБАТА НА ДЕНИЦИЈА,train
1019,Петре М. Андреевски,КОГА ЈА ЉУБЕВ ДЕНИЦИЈА,train
1020,Петре М. Андреевски,СПИЕЊЕТО НА ДЕНИЦИЈА,train
1021,Петре М. Андреевски,ИЗЛЕТ,train
1022,Петре М. Андреевски,АКО НЕ СИ ТИ,train
1023,Петре М. Андреевски,ВТОРА ИСПОВЕД,train
1024,Петре М. Андреевски,ТИ И ЈАС,train
1025,Петре М. Андреевски,УШТЕ ЕДНИ ПОДАТОЦИ ЗА ДЕНИЦИЈА,train
1026,Петре М. Андреевски,ПРВАТА РАЗДЕЛБА,train
1027,Петре М. Андреевски,ПРВО ПИСМО,train
1028,Петре М. Андреевски,ВТОРО ПИСМО,val
1029,Петре М. Андреевски,ТРЕТО ПИСМО,train
1030,Петре М. Андреевски,ЧЕТВРТО ПИСМО,train
1031,Петре М. Андреевски,ПЕТТО ПИСМО,train
1032,Петре М. Андреевски,БОЛЕСТА НА ДЕНИЦИЈА,train
1033,Петре М. Андреевски,ОТКАКО ТЕ НЕМА,train
1034,Петре М. Андреевски,НА ГРОБОТ ОД ДЕНИЦИЈА,train
1035,Братислав Ташковски,"Заедно, само така!",test
1036,Братислав Ташковски,После толку години,train
1037,Братислав Ташковски,До крај,train
1038,Братислав Ташковски,Љубовта и законите,train
1039,Братислав Ташковски,Еден ден,test
1040,Братислав Ташковски,Вечност,train
1041,Братислав Ташковски,Филозофско решавање на малата утринска расправија,test
1042,Братислав Ташковски,"Јас, мајсторот",train
1043,Братислав Ташковски,Сега,val
1044,Братислав Ташковски,Миг,train
1045,Братислав Ташковски,Цвеќето,train
1046,Братислав Ташковски,Бела книга за љубовта,train
1047,Братислав Ташковски,Ти реков тогаш,train
1048,Братислав Ташковски,За предметите и вечноста,val
1049,Братислав Ташковски,Јас и само јас,train
1050,Братислав Ташковски,И тогаш..,train
1051,Братислав Ташковски,Јас и Ти во овој живот,val
1052,Братислав Ташковски,Што е љубовта?,train
1053,Братислав Ташковски,Пијанство,train
1054,Братислав Ташковски,Ефтинија,train
1055,Братислав Ташковски,Како птиците,train
1056,Братислав Ташковски,Жолтите ѕвездички во нашата соба,train
1057,Братислав Ташковски,За сите небиднати љубови,val
1058,Братислав Ташковски,Сонце мое,train
1059,Братислав Ташковски,Далечина,train
1060,Братислав Ташковски,Сам,train
1061,Братислав Ташковски,Искрено!,train
1062,Братислав Ташковски,Големата љубовна песна 1.море,train
1063,Братислав Ташковски,Големата љубовна песна 2.муза,train
1064,Братислав Ташковски,Големата љубовна песна 3.оган,test
1065,Братислав Ташковски,Големата љубовна песна 4.зрнце,train
1066,Братислав Ташковски,Големата љубовна песна 5.ангелот,train
1067,Братислав Ташковски,Големата љубовна песна 6.патување,val
1068,Братислав Ташковски,Големата љубовна песна 7.бегство,train
1069,Братислав Ташковски,Големата љубовна песна 8.малост,val
1070,Братислав Ташковски,Големата љубовна песна 9.немир,train
1071,Братислав Ташковски,Големата љубовна песна 10.стратегија,test
1072,Братислав Ташковски,Големата љубовна песна 11.страв,train
1073,Братислав Ташковски,Големата љубовна песна 12. уште малку малост,train
1074,Братислав Ташковски,Големата љубовна песна 13. јас во тишината,test
1075,Братислав Ташковски,Во љубовта секогаш воин,train
1076,Братислав Ташковски,Се предавам,train
1077,Братислав Ташковски,Се може ли без тоа,train
1078,Братислав Ташковски,Да ги заборавиме пророците(есеј во стихови),train
1079,Братислав Ташковски,Да ги заборавиме пророците 2.,train
1080,Братислав Ташковски,Да ги заборавиме пророците 3.,train
1081,Братислав Ташковски,Да ги заборавиме пророците 4.,train
1082,Братислав Ташковски,"Да, така е!",train
1083,Братислав Ташковски,Големата песна,train
1084,Братислав Ташковски,Вечера,train
1085,Братислав Ташковски,Јас сум билка,train
1086,Братислав Ташковски,Ноќва,train
1087,Братислав Ташковски,Зад зборовите,train
1088,Братислав Ташковски,Тогаш,train
1089,Братислав Ташковски,За апокрифите,train
1090,Братислав Ташковски,За сега толку,train
1091,Катица Ќулавкова,ПРВО СОНЦЕ: SAGITARIUS,train
1092,Катица Ќулавкова,ТРЕТО СОНЦЕ: LEO - rising sun -,train
1093,Катица Ќулавкова,VIA LASCIVA  1.,val
1094,Катица Ќулавкова,VIA LASCIVA  2.,val
1095,Катица Ќулавкова,VIA LASCIVA  3.,train
1096,Катица Ќулавкова,VIA LASCIVA  4.,train
1097,Катица Ќулавкова,VIA LASCIVA  5.,test
1098,Катица Ќулавкова,ЦРНА МЕСЕЧИНА,train
1099,Катица Ќулавкова,СЕКРЕТ,train
1100,Катица Ќулавкова,ОБЕЛИСК,train
1101,Катица Ќулавкова,ДИВА МИСЛА,train
1102,Катица Ќулавкова,МРТОВ ЈАЗИК,train
1103,Катица Ќулавкова,ПРЕРОДБА,train
1104,Катица Ќулавкова,АЛЕКСАНДРИСКИ СИНДРОМ,train
1105,Катица Ќулавкова,Αταραξια,train
1106,Катица Ќулавкова,ЏОРДАНО БРУНО: „Ние сме веќе на небо“,val
1107,Катица Ќулавкова,"ВРЕМИЊА, ОБИЧАИ",train
1108,Катица Ќулавкова,МРАВКИ,train
1109,Катица Ќулавкова,ЗМИИ И ЈАГОДИ,train
1110,Катица Ќулавкова,ОСМА: КУЌА НА СМРТТА,test
1111,Катица Ќулавкова,ЕЛЕГИЈА,train
1112,Катица Ќулавкова,МИРИСОТ НА СМРЧКИТЕ,train
1113,Катица Ќулавкова,ОДБРАНИ СРЕДСТВА,train
1114,Катица Ќулавкова,ЖЕДБА: СМРТ,train
1115,Катица Ќулавкова,МЕТАФИЗИЧКИ НЕМИР,train
1116,Катица Ќулавкова,ЈАСТРЕБ И СЕНКА,train
1117,Катица Ќулавкова,"ТИГРИТЕ, ЛЕОПАРДИТЕ, ЛАВОВИТЕ",train
1118,Катица Ќулавкова,ПРЕСЕЛБА НА ДУШАТА,train
1119,Катица Ќулавкова,ЗАЕДНИЧКИ ЖИВОТ,train
1120,Катица Ќулавкова,ПРЕДВРЕМЕНО БУДЕЊЕ,train
1121,Катица Ќулавкова,MISA CRIOLLA,train
1122,Катица Ќулавкова,СЕНКА,train
1123,Катица Ќулавкова,MAGNA CARTA,train
1124,Катица Ќулавкова,XXX,train
1125,Катица Ќулавкова,ОГНИШТЕ,test
1126,Катица Ќулавкова,МОЖНОСТ ЗА ПЕСНА,train
1127,Катица Ќулавкова,ЈАЗИЧНИК,train
1128,Катица Ќулавкова,СВЕТ-ТЕКСТ,train
1129,Катица Ќулавкова,"СПОРЕДБИ, НЕ САМО ПО СЛИЧНОСТ",train
1130,Катица Ќулавкова,ПОЕТСКА РЕЧ,train
1131,Катица Ќулавкова,IN ULTIMA LINEA,train
1132,Катица Ќулавкова,НА МОЈАТА МИСЛА МИСАЛ,val
1133,Катица Ќулавкова,ТОПЛА КРВ,train
1134,Катица Ќулавкова,МИРИЗЛИВОТО ПИСМО НА ПИСАРОТ,test
1135,Катица Ќулавкова,ПАСИЈА ПО ПЕСОТ,train
1136,Катица Ќулавкова,CIRCULUS AMOROSIS,test
1137,Катица Ќулавкова,БЛЕФ: КОЦКА,train
1138,Катица Ќулавкова,СПАЛЕНА СОБА,train
1139,Катица Ќулавкова,ДРАМА,train
1140,Катица Ќулавкова,ГОСПОДАР,train
1141,Катица Ќулавкова,"2077,1: ЕДЕН ДЕН ЗАЕДНО",train
1142,Катица Ќулавкова,КРИВО ВРЕМЕ,train
1143,Катица Ќулавкова,АДАЏО: ТРЕВОГА,test
1144,Катица Ќулавкова,Требник 1.,val
1145,Катица Ќулавкова,Требник 2.,train
1146,Катица Ќулавкова,ОПОР РЕЗ,val
1147,Ристо Лазаров,МУЗА,train
1148,Ристо Лазаров,ТИРКИЗНА ПЕСНА,train
1149,Ристо Лазаров,ГЕЈЗЕР,train
1150,Ристо Лазаров,КАТАДЕН,train
1151,Ристо Лазаров,ТРПЕЗА,train
1152,Ристо Лазаров,ЦРВЕНА ВРАТА,train
1153,Ристо Лазаров,ТАНТЕЛА,train
1154,Ристо Лазаров,САМО ДА НЕМА ВОЈНА,test
1155,Ристо Лазаров,КАЛЕМЕГДАН,train
1156,Ристо Лазаров,СЛАТКООДСЛИВИ,test
1157,Ристо Лазаров,РУЧЕК,train
1158,Ристо Лазаров,ТЕГОБНОСТ,train
1159,Ристо Лазаров,РАСПЕТИЕ,train
1160,Ристо Лазаров,НЕСОНИЦА,train
1161,Ристо Лазаров,СРЕДЕ,train
1162,Ристо Лазаров,ЖЕДНИК,train
1163,Ристо Лазаров,ГРЕВ,train
1164,Ристо Лазаров,ГРЕШНИК,val
1165,Ристо Лазаров,ГРЕШНИЦА,test
1166,Ристо Лазаров,СУДЕНИК,train
1167,Ристо Лазаров,СУДЕНИЦА,train
1168,Ристо Лазаров,ГАЛИЧИЦА,train
1169,Ристо Лазаров,ОТАДЕ ВРЕМЕТО,train
1170,Ристо Лазаров,ЛАВЕЈ ВО ЛАЧЕНИ ЧЕВЛИ,train
1171,Ристо Лазаров,СПРОСТРЕНИ СПОМЕНИ,train
1172,Ристо Лазаров,ТРАГАЧ ПО СВЕТЛИНАТА,train
1173,Ристо Лазаров,ТРОЦВЕТ,val
1174,Ристо Лазаров,ЖОРНОУТРО,train
1175,Ристо Лазаров,ОДНОВО И ОДНОВО,train
1176,Ристо Лазаров,ШКОЛКА,train
1177,Ристо Лазаров,СТРАВ,val
1178,Ристо Лазаров,ОПИР,test
1179,Ристо Лазаров,ПОТЕМ,val
1180,Ристо Лазаров,СЕКОГАШ,train
1181,Ристо Лазаров,ПОБЕРКА,train
1182,Ристо Лазаров,ГРОБИШТАТА РЕКОЛЕТА,train
1183,Ристо Лазаров,САНТЕЛМО,train
1184,Ристо Лазаров,ПУЕРТО МАДЕРО,train
1185,Ристо Лазаров,КАМИНИТО,train
1186,Ристо Лазаров,АВЕНИЈА КОРИЕНТАС,val
1187,Ристо Лазаров,КАФЕ ТОРТОНИ,train
1188,Ристо Лазаров,СРЕБРЕНАТА РЕКА,test
1189,Ристо Лазаров,МАЦЕДОНИО ФЕРНАНДЕЗ,train
1190,Ристо Лазаров,ЕВИТА,train
1191,Ристо Лазаров,ГАРДЕЛ,train
1192,Ристо Лазаров,БОРХЕС,train
1193,Ристо Лазаров,САБАТО,train
1194,Ристо Лазаров,РГЕРИЧ,train
1195,Ива Петреска,Градско дете,train
1196,Ива Петреска,Царство на ноќта,test
1197,Ива Петреска,Ден и ноќ,train
1198,Ива Петреска,Повторливост,train
1199,Ива Петреска,Изгореници,train
1200,Ива Петреска,Млеко,train
1201,Ива Петреска,Врзана љубов,train
1202,Ива Петреска,Врзана слобода,train
1203,Ива Петреска,Просечниот човек,train
1204,Ива Петреска,Верник,train
1205,Ива Петреска,Смрдеа,val
1206,Ива Петреска,Гозба,train
1207,Ива Петреска,Обична жена,train
1208,Ива Петреска,Anamnesis vitae,train
1209,Ива Петреска,Во патолошката сала,train
1210,Ива Петреска,Нашите срца,train
1211,Ива Петреска,Само болни и бели,train
1212,Ива Петреска,Галеби,test
1213,Ива Петреска,Петка или глава?,train
1214,Ива Петреска,Клинче,train
1215,Ива Петреска,Твоето место не е тука,train
1216,Ива Петреска,Двосмислена,val
1217,Ива Петреска,"Јас, ти или една ѕвезда",train
1218,Ива Петреска,Само тогаш,train
1219,Ива Петреска,Ентропија,val
1220,Ива Петреска,Плетка,val
1221,Ива Петреска,Дамка меѓу редови,train
1222,Ива Петреска,Храбри подвизи,test
1223,Ива Петреска,Последното гледање,train
1224,Ива Петреска,Оваа љубов,train
1225,Ива Петреска,Првиот впечаток (експозиција),train
1226,Ива Петреска,Пролет (заплет),test
1227,Ива Петреска,Љубовна поезија (кулминација),train
1228,Ива Петреска,Не сакав (перипетија),train
1229,Ива Петреска,Предвреме збогум (расплет),train
1230,Ива Петреска,Денес (сон),train
1231,Ива Петреска,Внатрешен немир,train
1232,Ива Петреска,Случајни зборови,train
1233,Ива Петреска,Удобни грешки,train
1234,Ива Петреска,Спасувачи,train
1235,Ива Петреска,Од каде што животот се раѓа,train
1236,Ива Петреска,Создадена за живот,train
1237,Ива Петреска,Создадена за царување,train
1238,Ива Петреска,"Надмена тврдоглавост (лесна рима, длабока содржина)",train
