component,mean,within_group_std,between_prompt_std
R,0.3222455925575175,0.05691424932365136,0.06348030077812564
R_style_g,0.5393274320969581,0.11337290971263041,0.10071401477865291
R_content_g,0.10516375301807687,0.04236928207885304,0.0723734707236025
R_style,0.5413197049717055,0.11186052799974028,0.10164940742098007
R_content,0.10520944443719621,0.042328964042422854,0.07240857559223741
group/pos_profile,0.5663049920084888,0.13032175799829118,0.11111351961961913
group/lexical_diversity,0.4821711207828503,0.2630171287065528,0.2649448477312313
group/structure,0.8564185967888556,0.061249231130609684,0.09644110391280465
group/pos_bigrams,0.5743468205378159,0.31233349211854367,0.24751285311082322
group/classifier,0.07978828125,0.051427664121426464,0.09956914584386645
group/rhyme,0.9573171448954587,0.059802001909358235,0.06023774174250027
group/tfidf,0.42045969202898553,0.26885982200637204,0.23024050504782215
gate/validity,1.0,0.0,0.0
gate/line_uniqueness,0.9961046875,0.006746879161358143,0.010471703757738942
gate/copy_novelty,0.999609375,0.0006765823467065932,0.0021749079542304696
